artigo_id,estrato_audit,item_id,grau_audit,na_audit,justificativa_na_audit,evidencia_audit,observacoes_audit,estrato_retest,grau_retest,na_retest,justificativa_na_retest,evidencia_retest,observacoes_retest
ID_12,FER,DAD,0,0,,"p. 155; Sec. III; Fig. 1; origem do conjunto vaga baseada em fontes públicas, distribuição e demografia ausentes.","Grau 0. O autor afirma ter preparado o dataset de fontes públicas existentes, citando uma referência que não condiz com o tema. Acesso, distribuição de classes e demografia são totalmente ausentes ou vagos.",FER,0,0,,"p. 2; Sec. III. METHODOLOGY; Fig. 1; conjunto não identificável/origem vaga ('existing public sources'), acesso não rastreável, distribuição de classes ausente e demografia ausente sem declaração de indisponibilidade.","Grau 0. O estudo menciona o uso de imagens de expressões faciais obtidas de 'fontes públicas existentes', mas não nomeia, não cita o repositório correto e não fornece meios de acesso. Não relata a distribuição de classes na amostra (apenas a proporção de 80/20 de treino e validação) e não detalha nenhuma demografia pertinente (idade, gênero, raça), limitando-se a afirmar vagamente que inclui diversidade demográfica."
ID_15,FER,DAD,0,0,,"p. 208; Sec. III.A; Fig. 2; origem vaga de imagens (Kaggle/Google), distribuição e demografia ausentes.","Grau 0. Menciona imagens do Kaggle e do Google, sem permitir o acesso rastreável ao conjunto exato. A demografia e a distribuição de classes para as emoções são ausentes.",FER,0,0,,"Sec. III.A; --; procurou-se por demografia e distribuição das classes, mas a base tem origem vaga e não detalha atributos.","Grau 0. O estudo cita a utilização de uma base de dados combinada a partir de uma busca no 'Kaggle (Named: Human Face Emotions) and also additional google images'. Essa origem é vaga e o acesso não é rastreável. Além disso, a distribuição exata das classes utilizadas não é informada e nenhuma demografia pertinente (idade, gênero, raça/cor) é reportada ou declarada como indisponível."
ID_19,MULTI,DAD,1,0,,"p. 283-284; Sec. III.D; Fig. 7; conjuntos FER 2013, CK+ e RAVDESS identificados, demografia ausente para imagens.","Grau 1. Múltiplos conjuntos (FER 2013, CK+ e RAVDESS). RAVDESS relata informações demográficas parciais (atores, gênero), mas as informações demográficas para FER 2013 e CK+ estão ausentes.",MULTI,1,0,,"Sec. III.D; --; múltiplos conjuntos com demografia parcial (RAVDESS cita gênero, FER2013/CK+ omitem informações demográficas).","Grau 1 aplicado pela regra do mínimo. O estudo utiliza os conjuntos FER 2013, CK+ (para imagens faciais) e RAVDESS (para áudio), todos com origem explícita (obtidos via Kaggle). O RAVDESS reporta a demografia parcialmente (cita a participação de 12 atores e 12 atrizes), enquanto as bases FER 2013 e CK+ não possuem qualquer demografia reportada no texto, não havendo declaração explícita de indisponibilidade dessas características."
ID_41,SER,DAD,1,0,,"p. 312; Sec. IV.A; Table I; demografia detalhada para PRIORI, mas ausente para MSP-Podcast.","Grau 1. Embora a demografia para o conjunto alvo (PRIORI) seja bem detalhada, o artigo também utiliza o conjunto de dados MSP-Podcast para treinar modelos acústicos, e omite completamente a demografia desse conjunto (Regra do Mínimo aplicada).",SER,1,0,,"Sec. IV.A e V; Tab. I; distribuição e demografia omitidas para um conjunto, mas completas para outro.","Grau 1 aplicado pela regra do mínimo. Múltiplos conjuntos. Conjunto 1 (Treino - MSP-Podcast): origem identificada, mas demografia ausente e distribuição de classes incompleta (cita apenas que usou o 'predefined training split'). Conjunto 2 (Avaliação - PRIORI): origem e dados detalhados, critérios de inclusão/exclusão e seleção explícitos, distribuição de amostras detalhada (Tab. I e III) e demografia pertinente completamente reportada (idade média 53.94, 62.50% feminino, 93.75% brancos). As omissões demográficas e de distribuição do conjunto de treino reduzem o grau final para 1."
ID_33,MULTI,DAD,1,0,,"p. 654; Sec. 3; --; relata a dimensão do dataset 'Dyadic IMPRESSION' e a quantidade de participantes (40 ouvintes e 13 locutores), mas sem caracterização demográfica.","Grau 1. O dataset é verificado na literatura, contudo inexiste a presença das métricas populacionais descritivas e sociais dos participantes na extração.",MULTI,1,0,,"p. 2; Sec. 3. DATA PREPARATION; --; conjunto Dyadic IMPRESSION identificado com citação indireta, mas demografia ausente sem justificativa.","Grau 1. O estudo identifica explicitamente a base de dados utilizada (Dyadic IMPRESSION dataset e vídeos do Noxi), cujo acesso se dá de forma indireta via referências. A distribuição total de amostras é fornecida (44.923 amostras). Contudo, a demografia pertinente (idade, gênero, etc.) dos participantes e palestrantes é completamente omitida no relato e não há declaração explícita de indisponibilidade."
ID_43,SER,DAD,1,0,,"p. 675; Sec. IV; --; referencia de maneira curta a base IEMOCAP e sua composição de sessões interativas e emocionais, sem trazer demografia e distribuição.","Grau 1. Base perfeitamente identificável, mas subexplorada demograficamente na seção de avaliação do paper.",SER,1,0,,"Sec. IV. EVALUATION; Tab. I; conjunto IEMOCAP identificado com citação e distribuição de 4 classes mencionada, mas demografia ausente.","Grau 1. O estudo identifica a base de dados IEMOCAP (acesso indireto via citação) e detalha o uso de 4 emoções principais a partir do corpus improvisado. No entanto, o texto não reporta a demografia pertinente dos locutores da base (como idade, gênero, etc.) e nem explicita a indisponibilidade desses dados demográficos."
ID_12,FER,ROT,0,0,,"p. 138; Sec. II/III; Fig. 2; rótulos tratados como prontos (Happy, Sad, etc.), sem detalhar origem, processo ou confiabilidade.","Grau 0. Embora cite fontes públicas genericamente, não define qual base foi usada nem descreve a qualidade, protocolo de rotulagem ou qualquer métrica de concordância.",FER,0,0,,"p. 3; Sec. III. METHODOLOGY; Fig. 1; procurou-se pela origem dos rótulos, processo de anotação e medidas de concordância, mas os rótulos são tratados como dados prontos obtidos de fontes públicas não especificadas, sem qualquer métrica quantitativa.","Grau 0. O artigo afirma que o conjunto de dados foi preparado a partir de 'fontes públicas existentes' para classificação em quatro expressões (joy, pain, frustration, depression / happy, sad, angry, neutral), mas não cita especificamente qual é a base originária. O rótulo é tratado como dado pronto, sem descrição de quem anotou, do protocolo utilizado e sem reportar nenhuma medida quantitativa de concordância ou confiabilidade."
ID_15,FER,ROT,0,0,,"p. 187; Sec. III.A; --; adição de imagens extraídas do Google tratadas como rotuladas, sem descrição do processo de anotação.",Grau 0. Regra do mínimo. O estudo usa uma base do Kaggle (Grau 1) e adiciona imagens do Google para treinamento/teste. Não há descrição de como essas imagens do Google foram rotuladas manualmente ou validadas.,FER,0,0,,"Sec. III.A; --; procurou-se pelo processo de anotação, mas os rótulos de emoção da base do Kaggle e das imagens do Google são tratados como dados prontos sem medida de concordância.","Grau 0. O artigo trata as imagens obtidas do Kaggle e do Google como um 'labeled dataset' pronto para uso. Não há qualquer descrição sobre a origem do rótulo, quem anotou as imagens, ou qual foi o protocolo. Nenhuma medida quantitativa de concordância ou confiabilidade é reportada."
ID_19,MULTI,ROT,1,0,,"p. 264-266; Sec. III.D; --; rótulos herdados diretamente de bases públicas (FER 2013, CK+, RAVDESS), sem relato de concordância quantitativa.","Grau 1. Utilização de bases públicas referenciadas adequadamente como fonte dos rótulos, mas não dispõe de detalhamento da concordância para nenhuma delas (Regra do Mínimo).",MULTI,1,0,,"Sec. III.D; --; rótulos de emoção obtidos diretamente das bases públicas, mas sem reportar métricas de concordância originais.","Grau 1. Os rótulos de emoção (ex: happy, sad, angry, etc.) são herdados diretamente das bases de dados públicas (FER 2013, CK+ e RAVDESS). O artigo não descreve o processo de anotação nem apresenta qualquer medida quantitativa de concordância ou confiabilidade para esses rótulos."
ID_41,SER,ROT,1,0,,p. 295-309; Sec. IV.A/V.D; Tab. II; base MSP-Podcast herdada sem métrica de concordância; avaliações próprias (digiBP) com confiabilidade Omega reportada.,"Grau 1. Regra do Mínimo. O artigo atinge o nível 2 para o processo original (autorrelato/digiBP e avaliações clínicas) apresentando confiabilidade via Omega (Tabela 2). Porém, os modelos dependem da base MSP-Podcast, a qual apenas herda os rótulos de ativação e valência, carecendo de métrica local de confiabilidade.",SER,1,0,,"p. 5, 7; Sec. IV.A e V.D; Tab. II; rótulos do modelo de áudio herdados de base pública com citação explícita mas sem métrica de concordância, enquanto os rótulos de autorrelato possuem confiabilidade reportada.","Grau 1 aplicado pela regra do mínimo em decorrência de múltiplas rotulagens. Para a tarefa de reconhecimento passivo de emoção na fala, os rótulos de valência e ativação foram herdados da base pública MSP-Podcast com citação explícita (), porém o texto não reporta nenhuma medida quantitativa de concordância entre anotadores para essa base (Grau 1). Por outro lado, para os rótulos de humor via autorrelato (EMA / digiBP), o estudo reporta medidas quantitativas de confiabilidade do instrumento (Omega total variando de 0.514 a 0.943 na Tabela II), o que seria equivalente ao Grau 2. O grau final é rebaixado para 1 pela ausência de métrica do primeiro conjunto."
ID_33,MULTI,ROT,1,0,,"p. 735; Sec. 3; --; descrição mínima que relata a anotação da base herdada Dyadic IMPRESSION, sem a medida quantitativa explícita de concordância no texto.","Grau 1. Os dados advêm de base construída em estudo prévio, citando como ocorreu o processo de anotação e referenciando sua herança. Contudo, não oferece medida quantitativa de concordância ou confiabilidade para suportar a validade na leitura deste próprio material.",MULTI,1,0,,"p. 2; Sec. 3. DATA PREPARATION; --; descreve os anotadores (listeners) e o protocolo de coleta em tempo real, mas omite métrica de concordância.","Grau 1. O artigo descreve como os rótulos de impressões (warmth e competence) foram obtidos: os 40 participantes assistiram aos estímulos e realizaram as anotações contínuas em tempo real. No entanto, o texto não apresenta nenhuma medida quantitativa de concordância ou confiabilidade entre os anotadores, dependendo estritamente do rótulo herdado do conjunto de dados."
ID_43,SER,ROT,1,0,,p. 768-769; Sec. IV; --; o trabalho restringe sua avaliação à base pública IEMOCAP; rótulos herdados sem reporte de confiabilidade local.,Grau 1. Utiliza o subconjunto improvisado e herdado das atuações na base IEMOCAP com citação explícita. Não reporta medições de confiabilidade ou métricas dos anotadores.,SER,1,0,,"Sec. IV. EVALUATION; --; rótulos herdados da base pública IEMOCAP, mas sem medida quantitativa de concordância reportada no artigo.","Grau 1. O artigo utiliza os rótulos de emoção prontos (Neutral, Happy, Sad, Angry) herdados diretamente do conjunto de dados IEMOCAP. Não há descrição independente do processo de anotação, do protocolo original ou reporte de qualquer métrica quantitativa de concordância ou confiabilidade."
ID_12,FER,ESC,0,0,,"p. 138, 140; Sec. I/III; --; base de dados não identificável, inviabilizando a verificação da tarefa e condições.","Grau 0. Falha fundamental na rastreabilidade da base de dados (fontes públicas não nomeadas), anulando o critério 'Task'.",FER,0,0,,"p. 3; Sec. III. METHODOLOGY; Fig. 1; procurou-se por condições de tarefa e protocolo de coleta verificáveis, mas a base de dados não é identificada ('existing public sources'), quebrando a estrutura CET.","Grau 0. O artigo apresenta o construto (classificação de expressões em quatro categorias) e menciona os observáveis (pixels, landmarks faciais em imagens). Contudo, conforme as regras, como a base de dados não é identificável de forma rastreável (apenas citada vagamente como obtida de fontes públicas existentes), a Task é inverificável e a relação CET não se sustenta."
ID_15,FER,ESC,0,0,,p. 198; Sec. III.A; Fig. 1; base de dados e protocolo de rotulagem inverificáveis (imagens do Google e Kaggle vago).,"Grau 0. Construto genérico; dependência de imagens vagas obtidas via pesquisa no Google sem protocolo rastreável de validação, quebrando a exigência de Task verificável.",FER,0,0,,"Sec. I e III.A; --; procurou-se por base de dados rastreável, mas a menção genérica a uma busca no Kaggle e imagens adicionais do Google torna a tarefa/condição inverificável.","Grau 0. O estudo apresenta o construto (detecção de emoção) e os observáveis (expressões faciais/pixels da imagem). Contudo, a estrutura CET falha na Task, pois a base de dados formada ('Kaggle Named: Human Face Emotions' acrescida de buscas no Google Images) não é identificável de forma rastreável. Sem um conjunto de dados ou protocolo de coleta verificável, a inferência não se sustenta rigorosamente no relato."
ID_19,MULTI,ESC,1,0,,"p. 266-270; Sec. III.B/III.D; Fig. 1; tarefas definidas em FER2013, CK+ e RAVDESS, mas o enquadramento permanece implícito em modelos fim-a-fim.","Grau 1. Construto e tarefas identificados em bases bem documentadas, porém os observáveis são tratados como caixas pretas latentes nos modelos CNN e LSTM, sem conceituação explícita de sinais na Evidence.",MULTI,2,0,,"Sec. I e III.D; --; estrutura clara conectando o reconhecimento de emoções, observáveis visuais e acústicos, e os protocolos das bases de dados.","Grau 2. O artigo exibe uma estrutura CET completa: o construto (reconhecimento de emoções humanas) e a inferência são sustentados pelos observáveis nomeados (expressões faciais extraídas de pixels 48x48 e dados de áudio/fala processados temporalmente) e as condições da tarefa e protocolo são totalmente rastreáveis através das bases FER 2013, CK+ e RAVDESS."
ID_41,SER,ESC,2,0,,"p. 311-314; Sec. VI/VII; Fig. 3; articulação explícita da severidade do humor, métricas de inércia/variabilidade extraídas e o protocolo longitudinal.","Grau 2. Excelente estrutura CET. Relaciona severidade de transtorno bipolar (Claim) a matrizes dinâmicas de inércia, anomalias e variância (Evidence) em um protocolo com bases e questionários validados rastreáveis (Task).",SER,2,0,,"p. 2-3, 5, 8; Sec. I, IV.B, V e VI; Fig. 1, 3; relato explícito conectando o construto de severidade do humor/emoção, observáveis acústicos/lexicais e métricas dinâmicas, e protocolo rastreável de coleta no mundo real.","Grau 2. O estudo apresenta um CET completo. O construto-alvo e a inferência são explícitos (estimar severidade de sintomas do transtorno bipolar via medidas passivas e autorrelatadas). A evidência inclui observáveis nomeados (representações acústicas Wav2Vec2, representações lexicais BERT e features extraídas no nível do dia: média, inércia, variabilidade e anomalias). A tarefa/condições são detalhadamente descritas com protocolo de coleta do aplicativo PRIORI, avaliações EMA/clínicas (digiBP, YMRS, HDRS) e treinamento na base MSP-Podcast."
ID_33,MULTI,ESC,1,0,,"p. 756-757; Sec. 3; --; a evidência provém de vetores pré-extraídos da base, tornando a relação com o construto implícita.","Grau 1. Usa vetores gerados na publicação anterior da base Dyadic IMPRESSION (412D/68D). Sem a nomeação explícita e conceitual dos sinais locais como prova do construto, cai para 1.",MULTI,2,0,,"p. 1-2; Sec. 1 e 3; --; relação explícita entre as impressões sociais (construto), características faciais/acústicas/fisiológicas (observáveis) e a base Dyadic IMPRESSION (tarefa).","Grau 2. O estudo apresenta uma estrutura Claim-Evidence-Task completa. O construto-alvo (reconhecimento de impressões dyádicas, especificamente calor e competência) e a inferência são sustentados através de observáveis explicitamente nomeados (áudio, vídeo da face, movimentos dos olhos e sinais fisiológicos como EEG, ECG, volume de pulso sanguíneo). A tarefa e protocolo estão devidamente rastreáveis através da utilização do Dyadic IMPRESSION dataset."
ID_43,SER,ESC,2,0,,p. 780; Sec. III; Fig. 1; extração explícita de espectrogramas log-Mel como evidência para classificar emoções no cenário federado.,Grau 2. Conecta formalmente o uso de compartimentalização temporal e espectral em blocos de frequências (Evidence) sobre a tarefa federada e semisupervisionada para aferir as 4 emoções básicas.,SER,2,0,,"Sec. I e III. METHODOLOGY; Fig. 1; claim explícito de SER, observáveis baseados em log-Mel spectrograms da fala, e tarefa executada na base IEMOCAP.",Grau 2. O estudo possui a estrutura CET completa e verificável. O construto e a inferência são o Reconhecimento de Emoção na Fala (SER). A evidência (observáveis) está explicitamente definida na extração de características acústicas (Log-Mel Spectrograms a partir de áudio bruto). As condições da tarefa estão bem delineadas através do protocolo de uso do dataset IEMOCAP no cenário de aprendizado federado.
ID_12,FER,PRE,1,0,,"p. 140; Sec. III; --; menciona redimensionamento para 224x224, escala de cinza e normalização [1], mas omite intensidades/limites do aumento de dados.","Grau 1. Embora cite dimensões de entrada e normalização, as técnicas de aumento de dados (rotação, escala, inversão horizontal) e parâmetros dos extratores (HAAR) não possuem valores críticos reportados.",FER,1,0,,"p. 3; Sec. III. METHODOLOGY; Fig. 1; etapas de processamento e aumento de dados listadas, mas faltam as intensidades do aumento de dados e a ferramenta de landmarks.","Grau 1. O artigo lista as etapas de pré-processamento de imagem, informando os parâmetros de redimensionamento (224x224), conversão para tons de cinza e política de normalização (pixels entre 0 e 1). No entanto, menciona a extração de landmarks faciais sem identificar o modelo ou ferramenta utilizada. Além disso, cita o uso de aumento de dados (rotação, escala e espelhamento horizontal) omitindo parâmetros críticos, como as intensidades e os limites dessas transformações, o que impede a reprodução fiel."
ID_15,FER,PRE,1,0,,"p. 190, 193-195; Sec. IV/V; --; entrada 224x224x3 declarada, mas omite limiares e intensidades de aumento de dados e das cascatas de Haar.","Grau 1. Identifica transformações comuns (histogram equalization, Haar cascades, cropping, rotation) e dimensão final, mas as intensidades e configurações não são reproduzíveis.",FER,1,0,,"Sec. IV e V; --; lista o uso de data augmentation e redimensionamento, mas omite parâmetros críticos das transformações e do Haar cascade.","Grau 1. O texto relata a utilização de etapas de pré-processamento como conversão para tons de cinza, equalização de histograma, detecção de face (Haar cascades) e aumento de dados (cropping, rotation, flipping), fixando a dimensão de entrada em 224x224x3. No entanto, omite os parâmetros críticos dessas transformações (limites de rotação, critérios de filtragem, parâmetros exatos do algoritmo de face detection), o que impossibilita a reprodução idêntica do pipeline."
ID_19,MULTI,PRE,1,0,,"p. 262-265; Sec. III.A/III.B/Fig. 2; informa imagens redimensionadas em 48x48, mas omite todos os parâmetros críticos da extração de áudio (MFCC, pitch).","Grau 1. Regra do mínimo aplicada. A parte visual informa a dimensão (48x48), mas a modalidade acústica que processa o MFCC no LSTM não traz janelamento, quantidade de coeficientes ou taxa de amostragem.",MULTI,1,0,,"Sec. I e III.B; --; imagens redimensionadas para 48x48, mas omite todos os parâmetros críticos de processamento e extração de características do áudio.","Grau 1. O estudo relata o redimensionamento das imagens faciais para 48x48 pixels. No entanto, para o pipeline de fala, apenas menciona que usa a biblioteca Librosa e que a rede LSTM extrai os recursos, omitindo inteiramente os parâmetros críticos de pré-processamento de áudio (taxa de amostragem, tamanhos de janelas de processamento, extração de espectrogramas ou MFCCs, etc.), impossibilitando a reprodução operacional fiel da representação de entrada."
ID_41,SER,PRE,2,0,,"p. 287, 291-292, 299-300; Sec. III.B/IV.B/VI; --; relata parâmetros de VAD (webrtcvad agg=0), limites de entrada (20s, 128 subwords) e métricas estatísticas baseadas em janela de 30 dias.","Grau 2. Explica integralmente as configurações fixadas: remoção de silêncio com grau de agressividade, restrições numéricas para o Wav2Vec2/BERT e os recortes percentis (5 e 95) para detecção de anomalias diárias.",SER,1,0,,"p. 3-5, 8; Sec. III.B, IV.B e VI; Fig. 1; pipeline detalhado, mas faltam a dimensão de entrada para o extrator acústico e as versões dos serviços proprietários.","Grau 1. O artigo descreve bem as etapas de pré-processamento, incluindo a segmentação com o pacote webrtcvad (informando o parâmetro aggressiveness=0) e a obtenção da representação agregada (nível do dia) das emoções com parâmetros e percentis fixados. Contudo, ao usar o Wav2Vec2 como rede extratora de características, não informa a forma da entrada (como a taxa de amostragem de áudio exigida) e omite a versão exata do modelo. Também utiliza serviços proprietários (Microsoft Azure ASR e Speaker Recognition) com parâmetros de limiar de probabilidade, mas omite a versão do serviço no momento da extração."
ID_33,MULTI,PRE,2,0,,"p. 644-645; Sec. 3/4.1; --; reporta reamostragem para igualar comprimentos (44,923 frames), dimensão exata dos vetores (412 e 68) e fracionamento segmentar matemático em n=450.","Grau 2. Relata não apenas o tamanho sequencial em frames e dimensões numéricas das representações, mas como exatamente elas foram empacotadas para computar causalidade temporal (segmentos 1 a 449 com length 100, e o último com length 23).",MULTI,1,0,,"p. 2; Sec. 3. DATA PREPARATION; --; cita o uso de reamostragem, mas omite as etapas e parâmetros críticos das características extraídas.","Grau 1. O estudo descreve de forma limitada a obtenção dos dados de entrada. Menciona a reamostragem ('resampling') para alinhar o número de amostras com a frequência dos rótulos e informa as dimensões finais da sequência de features (412 para o falante e 68 para o ouvinte). Entretanto, não detalha o método de extração, os nomes exatos das features acústicas/visuais, tamanhos de janelas originais ou outras configurações críticas, inviabilizando a reprodução da obtenção das características."
ID_43,SER,PRE,2,0,,"p. 669; Sec. III; --; especifica recortes temporais de 2s, STFT em janela de 25ms com salto de 10ms, resultando em 64 bins Mel.",Grau 2. As características físicas da transformação computacional acústica que formam os espectrogramas de log-Mel estão explícitas e reproduzíveis.,SER,2,0,,"Sec. III. METHODOLOGY; Fig. 1; etapas de pré-processamento descritas com parâmetros críticos reprodutíveis (STFT, janela de 25ms, hop 10ms, 64 bins, Group Norm e Dropout de 0.1).","Grau 2. O artigo descreve de forma rastreável e reprodutível as etapas de pré-processamento do sinal e extração de características da rede: segmentos de áudio de 2 segundos transformados via STFT para Log-Mel spectrograms, com tamanho de janela de 25ms, sobreposição (hop size) de 10ms e 64 bins de frequência. Informa também o uso de group normalization, dropout espacial com taxa de 0.1, L2 regularization (0.0001) e ativação ReLU."
ID_12,FER,PRT,1,0,,"p. 138-140; Sec. III; --; particionamento descrito apenas por proporções (80/20), sem cardinalidades explícitas e sem declaração de independência de sujeito.","Grau 1. A proporção 80/20 é mencionada ao lado de uma técnica genérica de Grid Search, porém a omissão da cardinalidade das amostras e da independência de sujeitos barra o alcance da pontuação máxima.",FER,0,0,,"Sec. III. METHODOLOGY; procurou-se por independência e cardinalidades, mas o artigo detalha partições apenas por proporções (80/20) com teste ambíguo e sem separação por sujeito.","Grau 0. O artigo descreve o uso de 80% dos dados para treinamento e 20% para validação, e em seguida menciona usar métricas de um 'conjunto de teste' separado, gerando ambiguidade (já que 80+20 = 100%). Além de omitir as cardinalidades absolutas, não há qualquer menção de independência ou separação por sujeito para os dados de imagens faciais, resultando em risco previsível de vazamento de informações (dependência) entre os conjuntos."
ID_15,FER,PRT,0,0,,"p. 198; Sec. V; --; esquema de particionamento indefinido, sem cardinalidades ou métodos de validação.",Grau 0. Não existem menções de como o banco de imagens foi subdividido para treinar o modelo.,FER,0,0,,"Sec. IV e IV.B; Fig. 3/Fig. 4; procurou-se por esquema de particionamento e cardinalidades, mas não há definição clara das proporções ou separação entre treino e teste.","Grau 0. O artigo discute genericamente a fase de 'Testing and training of model', mas não define as proporções do particionamento, não explicita o esquema de divisão entre treino, validação e teste, e não reporta cardinalidades. Além disso, não há menção a nenhum tratamento para independência de amostras, configurando risco de vazamento de informações."
ID_19,MULTI,PRT,1,0,,"p. 264-266; Sec. III.A/III.D; --; reporta proporções e cardinalidades de imagens, mas não garante independência de atores/sujeitos no particionamento, nem regra clara de seleção.","Grau 1. Embora aponte as razões (80/20 e 90/10) e o tamanho total, a ausência de um particionamento focado em separar os sujeitos ou atores que compõem os dados é omitida.",MULTI,0,0,,"Sec. III.A e IV.A; Fig. 2; relata proporções gerais de particionamento (80:20 e 90:10), mas sem separação por sujeito e com cardinalidades conflitantes.","Grau 0. O artigo relata a divisão dos dados utilizando proporções fixas (hora cita 80:20, hora cita 90:10 gerando ambiguidade). Apesar das bases (como RAVDESS e CK+) possuírem múltiplas amostras ou gravações de um mesmo indivíduo (24 atores no RAVDESS), não há nenhuma regra de separação ou independência por sujeito, gerando forte risco de vazamento de informações (dependência) entre o treino e a validação."
ID_41,SER,PRT,2,0,,"p. 295, 309; Sec. IV.B/VII.B; --; particionamento explícito (leave-one-participant-out e splits predefinidos), uso de parada antecipada com paciência 15 e métrica CCC para validação.",Grau 2. Excelente descrição dos esquemas independentes de participantes adotados. Descreve a validação com CCC e estipula o critério de early stopping.,SER,1,0,,"p. 5, 9; Sec. IV.A, IV.B e VII.B; particionamento descrito via divisões predefinidas e LOSO, mas sem relatar as cardinalidades explícitas da base acústica.","Grau 1 aplicado pela regra do mínimo. O estudo avalia modelos em duas frentes. Para a predição clínica (LMEM), relata cardinalidades explícitas de sessões/sujeitos e utiliza um esquema com independência explícita adequada ao desenho (leave-one-participant-out). Contudo, para o treinamento do modelo acústico (Wav2Vec2/BERT), relata apenas o uso de 'predefined training split and validation split' da base pública MSP-Podcast, com regra de parada antecipada (paciência de 15), mas omite completamente as cardinalidades explícitas dessas partições, limitando o grau final."
ID_33,MULTI,PRT,0,0,,"p. 757; Sec. 5.1; --; relata proporções de 80/10/10, mas a divisão aleatória das amostras temporais não garante a independência das díades/sujeitos, gerando risco de vazamento.",Grau 0. O agrupamento aleatório em dados altamente seriais/temporais oriundos de uma amostragem restrita de sujeitos falha em controlar o vazamento intrínseco (data leakage).,MULTI,0,0,,p. 3; Sec. 5.1. Implementation; --; particionamento feito por amostragem aleatória (80/10/10) sobre dados contínuos/sujeitos sem separação explícita.,"Grau 0. O artigo descreve o uso de uma proporção fixa de particionamento ('randomly used 80% of the data for training, 10% for validation, and 10% for testing'). No entanto, os dados são temporais (44.923 amostras de 31 díades). Ao dividir os dados aleatoriamente, há a quebra da unidade de independência (mesmo participante ou segmento de sessão nas três partições), gerando risco óbvio e previsível de dependência e vazamento de informação, sem qualquer tratamento ou separação independente descrita."
ID_43,SER,PRT,1,0,,"p. 669-670; Sec. IV; Tab. I; detalha esquemas LOSO e 5-fold CV com relação à independência de locutor, mas omite a presença de um conjunto de validação e regra de seleção.","Grau 1. Os autores diferenciam estrategicamente o uso de splits dependentes ou independentes de locutores de acordo com o paradigma de teste, todavia os hiperparâmetros são fixos e não há regra de validação documentada.",SER,1,0,,"Sec. IV. EVALUATION; Tab. I; particionamento descrito via LOSO e 5-fold CV (80:20), mas omite as cardinalidades explícitas dos conjuntos.","Grau 1. O estudo descreve esquemas claros de particionamento e validação para lidar com a dependência dos dados, utilizando Leave-One-Session-Out (LOSO) para os experimentos Speaker Independent, e divisão aleatória (80:20) em 5-fold Cross-Validation para Speaker Overlap. A regra de validação se apoia na métrica Unweighted Accuracy. Contudo, o texto não detalha as cardinalidades absolutas (número exato de instâncias em cada partição de treino e teste), relatando apenas as proporções."
ID_12,FER,MOD,1,0,,"p. 130; Sec. III; --; menciona CNN com dropout e SVM via grid search, mas omite épocas, taxa de aprendizagem, tamanho do lote e otimizador.","Grau 1. A descrição é majoritariamente qualitativa. Informa a existência de dropout e grid search, mas omite completamente os valores numéricos dos hiperparâmetros de treinamento.",FER,1,0,,"p. 3-4; Sec. III. METHODOLOGY; Fig. 2; descreve a arquitetura CNN-SVM e a seleção de parâmetros do SVM via cross-validation, mas omite hiperparâmetros críticos da CNN.","Grau 1. O artigo descreve parcialmente o modelo, apresentando a arquitetura do modelo híbrido CNN-SVM (camadas de convolução, Max Pooling, ReLU, Flatten e kernel RBF no SVM). Menciona que os parâmetros do SVM foram determinados por grid search buscando a melhor acurácia de validação. Contudo, o texto falha ao omitir os valores numéricos essenciais para o treinamento da rede neural (CNN), não reportando o número de épocas ou iterações, taxa de aprendizagem, tamanho do lote e estratégias de regularização."
ID_15,FER,MOD,1,0,,"p. 177-180; Sec. IV.A/IV.B; Fig. 3; cita opções de otimizadores e apresenta gráficos com 10 épocas, mas não define a taxa de aprendizagem nem o tamanho do lote.","Grau 1. Lista otimizadores (Adam, RMSProp, SGD) sem especificar qual foi usado no modelo final, e omite a taxa de aprendizagem e o tamanho do lote.",FER,1,0,,"Sec. IV.A e V; Fig. 3; descreve a arquitetura genérica da CNN, o uso do otimizador Adam e perda cross-entropy, mas omite a taxa de aprendizagem e o tamanho do lote.","Grau 1. O relato descreve parcialmente a arquitetura adotada (camadas de convolução, ReLU, Pooling, Flatten e fully connected) e informa alguns parâmetros do treinamento, como a função de perda (categorical cross-entropy) e o otimizador (Adam). Os gráficos mostram a evolução por 10 épocas. Contudo, faltam valores numéricos essenciais para a reprodução do treino, especificamente a taxa de aprendizagem (learning rate) e o tamanho do lote (batch size)."
ID_19,MULTI,MOD,1,0,,"p. 243, 249; Sec. III.A/IV.D; --; relata o tamanho do lote (128) e épocas, mas omite o otimizador, a taxa de aprendizagem e a regularização.","Grau 1. Apresenta arquitetura CNN e LSTM, épocas (20 a 50) e tamanho de lote da CNN, mas não menciona o algoritmo otimizador, a taxa de aprendizagem ou o método de regularização.",MULTI,1,0,,"Sec. III.A e III.C; --; descreve as arquiteturas, épocas e tamanho do lote, mas omite a taxa de aprendizagem e o otimizador.","Grau 1. As arquiteturas são descritas parcialmente (CNN com 3 camadas convolucionais, 3 de max-pooling e dense layer; LSTM com input, hidden e output gates). O texto informa o número de épocas (20 para CNN e 50 para LSTM) e o tamanho do lote para imagens (128). No entanto, não reporta hiperparâmetros essenciais, como o algoritmo otimizador utilizado e a taxa de aprendizagem (learning rate)."
ID_41,SER,MOD,2,0,,"p. 267-268; Sec. IV.B; --; modelo com dropout (0.2), parada antecipada (paciência 15), lote (32), otimizador (SGD) e taxa de aprendizagem (1e-3).","Grau 2. Atende a todos os requisitos: descreve o modelo (Wav2Vec2 + BERT + GEM), regularização, paciência da parada antecipada, tamanho do lote, otimizador e taxa de aprendizagem.",SER,2,0,,"p. 5; Sec. IV.B; Fig. 2; arquitetura baseada em Wav2Vec2/BERT detalhada, com lote 32, otimizador SGD, taxa de aprendizagem 1e-3, dropout p=0.2 e parada antecipada com paciência 15.","Grau 2. O relato descreve com detalhes a arquitetura de extração e classificação de emoções em áudio (Wav2Vec2 acústico e BERT lexical com predição paralela por cabeças lineares) e apresenta todos os parâmetros críticos para o treinamento: taxa de aprendizagem (1e-3), tamanho do lote (32), múltiplas regularizações (dropout p=0.2, LayerNorm, aprendizado multitarefa), otimizador (Stochastic Gradient Descent - SGD) e a regra clara de escolha do modelo final e épocas baseada em parada antecipada (early stopping com paciência de 15 otimizando a métrica CCC)."
ID_33,MULTI,MOD,1,0,,"p. 591-592; Sec. 4/5.1; --; detalha arquitetura, dropout (0.5), otimizador (Adam), taxa de aprendizagem (1e-3) e épocas (40), mas omite o tamanho do lote.","Grau 1. Arquitetura e esquema de redução da taxa de aprendizagem são detalhados, mas a falta do tamanho de lote restringe a reprodutibilidade.",MULTI,1,0,,"p. 3; Sec. 4 e 5.1; --; descreve a arquitetura (BLSTM, Self-Attention), épocas, otimizador, taxa de aprendizagem e regularização, mas falta o tamanho de lote.","Grau 1. A arquitetura do modelo (BLSTM, Multi-Head Self-Attention inter/intra, fully-connected) e a função de perda de aprendizado multitarefa são claramente descritas. O treinamento detalha o otimizador (Adam), épocas (40), taxa de aprendizagem (1e-3, caindo pela metade a cada 20 épocas) e regularização (dropout 0.5 e Knowledge Distillation). No entanto, o artigo omite a configuração numérica essencial do tamanho de lote (batch size) e não deixa claro o critério de escolha final do modelo (ex: early stopping vs último checkpoint)."
ID_43,SER,MOD,1,0,,"p. 611, 613, 623; Sec. III/IV; --; informa modelo, dropout (0.1), regularização L2, otimizador (Adam), taxa (0.001) e épocas, mas omite o tamanho do lote local.","Grau 1. Embora a arquitetura e as configurações do Federated Learning sejam bem definidas, o tamanho do lote usado em cada dispositivo local não é declarado no texto.",SER,1,0,,"Sec. III e IV. EVALUATION; Algorithm 1; arquitetura CNN com atenção descrita, otimizador Adam, LR 0.001 e parâmetros federados, mas falta o tamanho do lote (batch size).","Grau 1. O relato descreve detalhadamente a arquitetura do modelo (CNN com atenção STC), a função de perda (Cross-Entropy), o otimizador (Adam) e a taxa de aprendizagem (0.001). Informa os hiperparâmetros de Federated Learning como número de rodadas (R=100) e passos locais (E=1). Entretanto, o artigo omite o valor numérico essencial do tamanho do lote (batch size) no treinamento local, impossibilitando a reprodução exata."
ID_12,FER,MET,0,0,,p. 114-118; References; --; ausência de relato metodológico e resultados com incerteza na amostra fornecida.,Grau 0. O material não apresenta definições de métricas de avaliação ou medições de incerteza.,FER,0,0,,"p. 5; Sec. IV. RESULTS AND DISCUSSIONS; Tab. I/Fig. 3; procurou-se por estimativa de incerteza, mas reporta-se apenas estimativas pontuais de acurácia e F1-score sem qualquer medida de dispersão.","Grau 0. A métrica principal aparente do estudo é a acurácia, acompanhada de precision, recall e F1-score por classe. O artigo reporta unicamente estimativas pontuais (ex: acurácia geral de 97.95%) sem fornecer qualquer estimativa de incerteza associada, como desvio padrão ou intervalos de confiança. Além disso, não há justificativa explícita para a escolha das métricas, nem tratamento explícito do desbalanceamento na avaliação."
ID_15,FER,MET,0,0,,"p. 156; Sec. III; --; menciona cross-entropy como loss, sem relatar métricas de avaliação do modelo final com incerteza.","Grau 0. Não reporta os resultados finais do modelo e, consequentemente, nenhuma estimativa de incerteza para métricas principais.",FER,0,0,,"Sec. V. RESULT; --; procurou-se por estimativas de incerteza, mas o estudo reporta apenas um valor pontual de acurácia (98%) sem medidas de dispersão.","Grau 0. A métrica principal apresentada é a acurácia. O artigo declara que o modelo gera o output com 98% de acurácia, reportando apenas essa estimativa pontual. Não há nenhuma estimativa de incerteza (desvio padrão, intervalo de confiança ou avaliação cross-validation) associada ao resultado, além de não reportar métricas por classe, apesar de mencionar o desbalanceamento das emoções na metodologia."
ID_19,MULTI,MET,0,0,,p. 209-213; Sec. IV.B/IV.C; Tab. I/II/III; os resultados são estimativas pontuais estáticas em tabelas e classification reports.,"Grau 0. Embora empregue o macro e weighted average no classification report (lidando com o balanço), a incerteza do resultado ao longo de partições ou dobras não é calculada ou reportada.",MULTI,0,0,,"Sec. IV.A e IV.B; Tab. I e II; reporta acurácia, precisão, recall e F1-score apenas como valores pontuais, sem medidas de dispersão.","Grau 0. A métrica principal (acurácia) bem como as métricas secundárias do classification report são adequadas para o problema de classificação. Contudo, o texto reporta apenas as estimativas pontuais para o conjunto de testes de uma única rodada (ex: acurácia final de 86% ou 69%), não fornecendo nenhuma medida de incerteza, como intervalo de confiança ou desvio padrão."
ID_41,SER,MET,2,0,,"p. 257-259; Sec. VII.B/VII.C; Tab. V; reporta Média ± Desvio Padrão para PCC, além de Intervalos de Confiança (95% CI).","Grau 2. Artigo extremamente rigoroso. A métrica PCC e os coeficientes do modelo LMEM vêm acompanhados de desvio padrão amostral, p-values e os limites inferiores e superiores do intervalo de confiança de 95%.",SER,1,0,,"p. 9-10; Sec. VII.A e VII.B; Tab. IV e V; relata métricas principais adequadas (PCC, R2) com incerteza, mas omite justificativa para sua escolha na avaliação clínica.","Grau 1. O estudo avalia a severidade do humor via regressão (LMEM), adotando o Coeficiente de Correlação de Pearson (PCC) e o R2 como métricas principais dos resultados. A incerteza para o PCC é devidamente reportada por meio do desvio padrão na estratégia leave-one-participant-out (ex: 0.60 ± 0.45) e os coeficientes do modelo acompanham intervalos de confiança de 95%. Contudo, o grau é reduzido para 1 porque o artigo não justifica explicitamente a escolha do PCC e do R2 para esse construto específico (embora justifique a adoção do CCC no modelo prévio de extração de características acústicas)."
ID_33,MULTI,MET,0,0,,p. 654-656; Sec. 5.1/5.2; Tab. 1/2; resultados medidos e expostos unicamente em valores absolutos de CCC.,"Grau 0. A métrica principal (CCC) não conta com a presença do desvio padrão ao longo da validação cruzada, nem são realizados testes de hipótese na avaliação de ablação.",MULTI,0,0,,"p. 3; Sec. 5.2. Results and Discussion; Tab. 1; procurou-se por estimativas de incerteza, mas são reportados apenas valores pontuais da métrica CCC.","Grau 0. A métrica principal do problema (regressão contínua das impressões) é o Concordance Correlation Coefficient (CCC). O texto apresenta valores pontuais para a previsão de Competence e Warmth (ex: 78.8 e 77.5 na Tabela 1), mas não acompanha os resultados de qualquer medida quantitativa de incerteza, como intervalos de confiança ou desvios-padrão dos experimentos."
ID_43,SER,MET,0,0,,"p. 680-682; Sec. IV; Tab. II/III; a Unweighted Accuracy reportada retrata apenas a média absoluta de 5 corridas, sem a variância correspondente.","Grau 0. Embora aplique Unweighted Accuracy (UA) como resposta ativa a datasets desbalanceados de emoção, a variância ou desvio padrão dessas múltiplas execuções foi silenciado.",SER,0,0,,Sec. IV. EVALUATION; Tab. II e III; reporta apenas a Unweighted Accuracy (UA) média sem nenhuma medida de incerteza/dispersão.,"Grau 0. O artigo elege a Unweighted Accuracy (UA) como métrica principal, o que é adequado para o problema. Para lidar com a aleatoriedade e o desbalanceamento, reporta a média da UA de 5 rodadas independentes. No entanto, apresenta apenas essa estimativa pontual, omitindo qualquer medida quantitativa de incerteza (como desvio padrão, variância ou intervalos de confiança) sobre os resultados."
ID_12,FER,CAL,0,0,,p. 114-118; References; --; busquei por calibração no material disponível e não encontrei.,"Grau 0. O trecho contém apenas referências bibliográficas, impossibilitando a verificação de procedimentos de calibração.",FER,0,0,,"p. 4-5; Sec. III e IV; Tab. I/Fig. 3; procurou-se por métricas de calibração ou curvas de confiabilidade, mas o estudo reporta apenas métricas de desempenho preditivo (acurácia, precisão, recall, F1-score).","Grau 0. O artigo reporta exclusivamente o desempenho preditivo do classificador (CNN-SVM) por meio de acurácia, precisão, recall, F1-score e matriz de confusão. Não há nenhuma avaliação de calibração das saídas do modelo, curvas de confiabilidade ou métricas como ECE e escore de Brier. As menções no texto à 'confiabilidade' (reliability) referem-se à precisão e robustez geral do sistema na classificação, e não à calibração quantitativa das probabilidades finais."
ID_15,FER,CAL,0,0,,p. 156-157; Sec. III/IV; Fig. 3/4; busquei por métricas ou curvas de calibração e não encontrei; apenas curvas de loss e acurácia são apresentadas.,Grau 0. Avalia estritamente a acurácia e a perda em épocas de treino. Não há diagrama de confiabilidade ou análise da calibração das probabilidades de predição.,FER,0,0,,"Sec. V. RESULT; --; procurou-se por métricas de calibração, mas o estudo reporta apenas desempenho preditivo através da acurácia final e da função de perda.","Grau 0. O artigo exibe os gráficos de evolução de loss e acurácia durante as épocas do treinamento e cita o uso da camada softmax na saída final para a classificação em três categorias. No entanto, não há nenhuma menção ou teste quantitativo que avalie a calibração das saídas de probabilidade do modelo."
ID_19,MULTI,CAL,0,0,,p. 209-213; Sec. IV.B/IV.C; Tab. I/II/III; busquei por avaliação da confiabilidade/calibração das probabilidades de fusão e não encontrei.,"Grau 0. O artigo realiza 'fusion at decision level' das saídas dos modelos, mas não efetua nenhuma análise quantitativa de calibração (Platt scaling, Brier) nas probabilidades geradas.",MULTI,0,0,,"Sec. IV.A; --; reporta apenas o desempenho de classificação, sem nenhuma avaliação quantitativa de calibração.","Grau 0. O artigo avalia rigorosamente as saídas por meio de métricas baseadas na classe predita (matrizes de confusão e relatórios de classificação: precisão, recall, f1). Nenhuma curva de confiabilidade ou medida de erro de calibração (ECE, Brier) para os escores contínuos do modelo é apresentada."
ID_41,SER,CAL,0,0,,"p. 246-251; Sec. VII.A/VII.B; Tab. IV; busquei por calibração, isotonic regression ou diagramas e não encontrei.","Grau 0. O estudo prevê escores contínuos usando LMEM avaliados com métrica de correlação e regressão (PCC, R2). Não aborda a calibração preditiva dos escores gerados.",SER,0,0,,"p. 8-10; Sec. VI e VII; Tab. IV e V; procurou-se por avaliação quantitativa de calibração das estimativas, mas o estudo reporta apenas métricas de ajuste preditivo (PCC, CCC, R2) para as saídas contínuas.","Grau 0. Os modelos apresentados estimam valores contínuos para construtos de emoções e severidade do humor (regressão via LMEM ou redes neurais), sendo avaliados unicamente mediante métricas de correlação (CCC, PCC) e determinação de variância (R2). O artigo não descreve nem aplica nenhum procedimento de calibração ou cálculo de erro de calibração sobre as predições finais. NA=0 pois os modelos preveem saídas contínuas sem que o texto declare explicitamente limitações a meros rótulos ou explicite impossibilidade de estimar a confiança."
ID_33,MULTI,CAL,0,0,,p. 616-618; Sec. 5.1/5.2; Tab. 1; busquei por métodos de calibração aplicados ao output e não encontrei.,Grau 0. Avalia apenas CCC. Omite avaliações de calibração nos escores de impressão gerados pela rede de atenção.,MULTI,0,0,,"p. 3; Sec. 5.1 e 5.2; Tab. 1; procurou-se por métricas de calibração para as regressões, mas os resultados avaliam apenas a precisão preditiva via CCC.","Grau 0. O artigo realiza predição com saídas contínuas avaliando os erros por meio do CCC, com MSE durante o treinamento. Não há avaliação quantitativa nem procedimento mencionado que mensure a calibração dessas predições contínuas, limitando a avaliação estritamente ao desempenho do ajuste do modelo."
ID_43,SER,CAL,1,0,,"p. 631; Sec. III; --; aplica Temperature Scaling para suavizar as predições pseudo-rotuladas, mas não há avaliação quantitativa da calibração final do modelo.","Grau 1. O estudo utiliza Temperature Scaling com um limiar de confiança no algoritmo de pseudo-rotulagem (procedimento de ajuste associado à confiabilidade de probabilidade). No entanto, não há avaliação quantitativa (como ECE ou curva de confiabilidade) aferindo a calibração final do modelo nas métricas de resultado.",SER,1,0,,"Sec. III. METHODOLOGY; Eq. 3; descreve uso de limiar de confiança para pseudo-rótulos com temperature scaling, mas sem avaliar a calibração final do modelo.","Grau 1. O estudo aborda a confiabilidade do modelo ao longo do treinamento semi-supervisionado usando um limiar dinâmico de confiança (confidence threshold) associado ao temperature scaling (Eq. 3) para selecionar os pseudo-rótulos das predições. Contudo, não apresenta uma avaliação quantitativa posterior da calibração das saídas contínuas finais (ex: ECE ou Curva de Confiabilidade)."
ID_12,FER,SUB,0,0,,"p. 117-122; References; --; texto disponibiliza apenas resumo e referências, impossibilitando encontrar dados sobre subgrupos.",Grau 0. O material avaliado carece de seções de metodologia ou resultados que pudessem conter análises estratificadas.,FER,0,0,,"p. 4-5; Sec. IV. RESULTS AND DISCUSSIONS; Tab. I/Fig. 3; procurou-se por métricas ou análises estratificadas por idade ou gênero para reconhecimento de expressões faciais, mas reportam-se apenas métricas globais de desempenho sem justificativa para a ausência.","Grau 0. O artigo afirma na metodologia que a base de dados inclui diversidade demográfica pertinente, como idade, gênero e etnia dos indivíduos. Contudo, não realiza e não reporta qualquer avaliação de desempenho separada por esses subgrupos, nem fornece uma justificativa técnica para a não estratificação, descumprindo as regras específicas do checklist para expressões faciais."
ID_15,FER,SUB,0,0,,p. 149-162; Sec. I-V; --; busquei por avaliação por subgrupos ou equidade nas predições do modelo e não encontrei.,"Grau 0. Embora cite um artigo sobre viés de idade nas referências, o próprio trabalho não estratifica nem justifica a omissão de testes por gênero ou faixa etária nas expressões avaliadas.",FER,0,0,,"Sec. V. RESULT; --; procurou-se por métricas de desempenho estratificadas, mas o estudo reporta apenas a acurácia global, sem avaliação por gênero ou idade.","Grau 0. Na introdução do artigo, os autores observam teoricamente o problema do viés ('bias due to limited diversity in training data'), porém não aplicam nenhuma estratificação demográfica (por gênero, idade, etc.) nas suas próprias avaliações experimentais e não fornecem justificativa técnica para essa ausência."
ID_19,MULTI,SUB,1,0,,"p. 206, 209; Sec. III.B/III.D; --; detalha a divisão balanceada da base RAVDESS (12 atores, 12 atrizes), mas omite os testes preditivos segregados por este atributo.","Grau 1. A menção quantitativa da separação por gênero existe descritivamente nos conjuntos da base de dados. Porém, a avaliação de precisão e recall do modelo final exclui essa dimensão.",MULTI,0,0,,"Sec. III.D e IV.B; --; a base RAVDESS possui identificação explícita de gênero dos atores, mas o desempenho não é estratificado por esse subgrupo e não há justificativa.","Grau 0. A metodologia explicita que o dataset RAVDESS contém gravações de 12 atores e 12 atrizes (gênero explicitamente disponível e pertinente para emoções na fala). Apesar disso, os resultados não trazem métricas de avaliação separadas para esses subgrupos e não apresentam nenhuma justificativa técnica para a não estratificação."
ID_41,SER,SUB,1,0,,"p. 233, 247; Sec. V/VII; --; detalha dados demográficos (idade, gênero, raça) e inclui gênero como efeito aleatório no modelo LMEM, mas não reporta métricas preditivas estratificadas.","Grau 1. Apresenta farta discriminação dos atributos demográficos do grupo e controla o fator gênero (random effect) nas equações estatísticas, consistindo em uma separação analítica, porém as métricas preditivas de avaliação não são declaradas para cada subgrupo.",SER,1,0,,"p. 9, 26-27; Sec. VII.A; Fig. 4 e 5; apresenta separação qualitativa das predições por diagnóstico (BP I e BP II) e inclui gênero na modelagem, mas omite métricas quantitativas estratificadas.","Grau 1. O estudo define subgrupos clinicamente relevantes e apresenta separação qualitativa em análises descritivas e figuras (pontos plotados separadamente por indivíduos com Bipolar I e Bipolar II nas Figuras 4 e 5 para as tendências preditivas). Além disso, utiliza o gênero como efeito aleatório no LMEM. No entanto, o artigo não reporta métricas numéricas de desempenho (como PCC ou R2) calculadas separadamente para cada um desses subgrupos ou para faixa etária, o que limita a pontuação máxima a 1."
ID_33,MULTI,SUB,0,0,,"p. 636-646; Sec. I-V; --; busquei por análise de equidade, dados demográficos dos speakers/listeners e desempenho por gênero e idade e não encontrei.",Grau 0. Nenhum tratamento conferido à distinção por subgrupos ou análise descritiva atrelada a demografia na base.,MULTI,0,0,,"p. 3; Sec. 5.2. Results and Discussion; Tab. 1; procurou-se por análise desagregada por gênero ou faixa etária, mas não foi encontrada avaliação por subgrupos ou justificativa.","Grau 0. O estudo não reporta métricas de desempenho divididas por subgrupos (ex: gênero do speaker ou do listener), nem avalia de forma descritiva a interação demográfica, e não fornece justificativa explícita no texto sobre a ausência ou inviabilidade técnica de conduzir a estratificação."
ID_43,SER,SUB,0,0,,"p. 660-664; Sec. IV; Tab. I; divide a avaliação estritamente pelo atributo do locutor ('Speaker Indep.'), mas sem analisar atributos de gênero ou faixa etária.","Grau 0. Utiliza o paradigma de isolamento de identidades, o que é fundamental em biometria, mas não atende aos recortes categóricos de subgrupos (gênero, idade, etnia) exigidos para mensurar a equidade explícita.",SER,0,0,,"Sec. IV. EVALUATION; Tab. II e III; procurou-se por métricas estratificadas por gênero ou idade, mas não há análise de subgrupos e nem justificativa técnica.","Grau 0. Apesar de utilizar falas de atores com potenciais traços demográficos pertinentes ao domínio (como gênero), o estudo não realiza a avaliação do desempenho estratificada por subgrupos. Além disso, não oferece justificativa explícita no texto para a ausência de tais análises."
ID_12,FER,ROB,0,1,"O fragmento contém apenas referências bibliográficas, não apresentando protocolo preditivo ou avaliação experimental.",--,"NA=1. O documento não possui dados experimentais, inviabilizando qualquer análise de robustez ou sensibilidade.",FER,1,0,,"p. 4-5; Sec. III e IV; Fig. 2/Fig. 3; compara arquiteturas do modelo de forma isolada, mas procurou-se por testes de robustez e não foram encontrados.","Grau 1. O estudo apresenta uma análise quantitativa limitada de sensibilidade ao comparar o desempenho da arquitetura híbrida final (CNN+SVM) com seus componentes isolados e algoritmos base (CNN, RNN, SVM, RF), isolando o ganho numérico dessa escolha de modelagem. Entretanto, não conduz nenhum teste experimental que quantifique a estabilidade ou robustez do classificador sob variações nas entradas, ruídos ou outras perturbações em relação às imagens faciais."
ID_15,FER,ROB,0,0,,"p. 170-172; Sec. IV; Fig. 3/4; busquei por análises de sensibilidade, testes de ablação ou avaliação de robustez sob perturbações e não encontrei.","Grau 0. O artigo reporta as métricas fnais de acurácia e perda do modelo em treinamento e teste, sem variação paramétrica sistemática ou teste sob cenários adversos.",FER,0,0,,"Sec. IV e V; --; procurou-se por testes de robustez e estudos de ablação/sensibilidade, mas o estudo avalia um único modelo sem comparações.","Grau 0. O artigo não realiza nenhum estudo de ablação para verificar a sensibilidade quantitativa dos hiperparâmetros ou componentes arquiteturais (a menção à 'ResNetB0 Synergy' no resumo não é seguida por testes comparativos de arquitetura no método). Além disso, não há testes controlados medindo a robustez sob perturbações realistas das imagens (avalia-se unicamente a acurácia do modelo final)."
ID_19,MULTI,ROB,1,0,,"p. 238-243; Sec. IV.A/IV.C; Tab. I/II/III; relata sensibilidade em relação ao número de épocas de treinamento para as modalidades isoladas e fusionadas, mas sem testes de robustez.","Grau 1. Executa avaliação sensível à variação de um hiperparâmetro (épocas) e ao uso de fusão (multimodal vs unimodal), contudo, peca ao não aplicar perturbações realistas para certificar a robustez.",MULTI,0,0,,"Sec. IV; --; avalia apenas o desempenho dos modelos em um cenário base, sem variações experimentais controladas.","Grau 0. O artigo constrói os modelos (CNN, LSTM e modelo de fusão) e testa a acurácia global, mas não quantifica nenhuma estabilidade sob perturbações realistas nas entradas e também não conduz nenhum estudo de sensibilidade ou ablação para os parâmetros/camadas dos modelos."
ID_41,SER,ROB,2,0,,"p. 280-286; Sec. VII/VII.A/VII.B; Tab. IV; analisa sensibilidade através da ablação de conjuntos de características (Passivo, EMA e Combinado) e avalia a estabilidade cruzada sob variação de sujeitos (predição independente de sujeito).","Grau 2. O estudo isola os efeitos (sensibilidade) da utilização de dados de survey (EMA) contra dados passivos e combinados. Além disso, estipula a estabilidade preditiva ao relatar robustez nas predições isolando os sujeitos (Leave-One-Participant-Out) sob cenários in-the-wild.",SER,1,0,,"p. 8-10; Sec. VII.A e VII.B; Tab. IV; ablações de características e modalidades quantificadas, mas faltam testes locais de robustez a perturbações na entrada acústica.","Grau 1. O estudo conduz uma extensa e rigorosa análise de sensibilidade ao realizar ablações sobre as modalidades (dados passivos vs. autorrelato EMA vs. combinados) e características dinâmicas extraídas (média, variabilidade, inércia, anomalias), detalhando os efeitos quantitativos via R2 e PCC na Tabela IV. No entanto, os testes explícitos de robustez do modelo acústico a perturbações realistas e testes cross-corpus são apenas mencionados ou referenciados de trabalhos anteriores dos próprios autores, não havendo protocolo de robustez a perturbações quantificado de forma original neste relato."
ID_33,MULTI,ROB,1,0,,"p. 654-656; Sec. 5.2; Tab. 1/2; realiza análise de sensibilidade abrangente quantificando o efeito numérico (ablação) da remoção de cada módulo (atenção, KD loss, SE loss), mas não traz testes de robustez.","Grau 1. Atinge nível exemplar em avaliação de sensibilidade através da ablação pontual e exata de cada contribuição do seu framework. Entretanto, pelo rigor da regra (necessidade de apresentar AMBOS), recebe 1 por ausência de experimentos com perturbações realistas nas entradas.",MULTI,2,0,,p. 3-4; Sec. 5.2; Tab. 1 e 2; apresenta análises detalhadas de sensibilidade testando arquitetura de ablações nos módulos propostos e comparando diferenças numéricas.,"Grau 2. O artigo atende à métrica de sensibilidade conduzindo um amplo estudo de ablação (Tabela 1 e Tabela 2) para verificar a contribuição isolada e em conjunto das configurações de modelagem: remoção do modelo de causalidade, do modelo do ouvinte, das atenções inter e intra-domínio, e das perdas de regularização (KD loss, SE loss). Os efeitos das decisões são quantificados na variação do desempenho, embora faltem perturbações de entradas na robustez, as ablações arquiteturais preenchem de forma aprofundada o requisito do Grau 2 para sensibilidade controlada."
ID_43,SER,ROB,2,0,,p. 679-682; Sec. IV; Tab. II/III; quantifica a sensibilidade variando a taxa de dados rotulados (10% vs 100%) e testa a robustez do aprendizado federado sob diferentes estratégias de distribuição de dados e sobreposição de locutores.,"Grau 2. Apresenta sólidas provas de robustez (cenários com locutores sobrepostos vs independentes, e dados i.i.d vs non-i.i.d) aliadas à análise de sensibilidade quanto ao percentual de dados rotulados disponibilizados no treinamento federado.",SER,1,0,,Sec. IV. EVALUATION; Tab. II e III; realiza análises limitadas de sensibilidade ao comparar proporção de rótulos e cenários federados vs centralizados.,"Grau 1. O estudo demonstra evidência limitada de análise de sensibilidade e robustez ao comparar quantitativamente a arquitetura em cenário centralizado versus federado, e sob condições de distribuições random/non-i.i.d. Também avalia a sensibilidade isolando o uso da técnica semi-supervisionada contra a totalmente supervisionada (variando a disponibilidade de dados rotulados para 10%). Não reporta ablações estruturais específicas sobre os módulos de atenção arquiteturais nem avalia a robustez local frente a ruídos de entrada."
ID_12,FER,REP,0,0,,p. 114-118; References; --; busquei por menção a código-fonte ou dados abertos e não encontrei no material fornecido.,"Grau 0. A fonte contém apenas uma lista de referências, sem documentar a publicidade dos próprios artefatos e códigos.",FER,0,0,,"p. 1-5; Sec. I a V; procurou-se por links de repositórios (como GitHub), menção a dados, código-fonte, pesos do modelo ou declaração de disponibilidade de artefatos, mas nada foi encontrado.","Grau 0. O artigo não menciona a disponibilização de código-fonte, scripts de pré-processamento, parâmetros de ambiente, pesos do modelo (CNN-SVM) ou qualquer outro artefato necessário para a reprodução computacional dos resultados, caracterizando ausência total de artefatos públicos."
ID_15,FER,REP,0,0,,"p. 156-157; Sec. III/IV; --; busquei por links para repositório, código ou modelos e não encontrei.",Grau 0. Nenhuma referência estruturada à liberação pública do código treinado para garantir a reprodutibilidade.,FER,0,0,,"Sec. I a VI; --; procurou-se por repositório de código-fonte, links para o conjunto de dados ou pesos do modelo, mas nada foi disponibilizado.","Grau 0. Não há disponibilização pública de quaisquer artefatos de pesquisa. O artigo não fornece links para repositórios no GitHub, roteiros executáveis, ou versões de arquivo de configuração para a reprodução das métricas. O dataset também é apenas citado informalmente sem indicação verificável de acesso."
ID_19,MULTI,REP,0,0,,p. 231-240; Sec. III/IV; --; busquei por link do código-fonte ou repositório do modelo e não encontrei.,Grau 0. Não fornece links de repositório de código de fusão dos dados.,MULTI,0,0,,"Sec. I a V; --; procurou-se por indicação de repositório, código ou pesos, mas nada é disponibilizado publicamente.","Grau 0. Apesar de indicar as bases de dados públicas no Kaggle e usar bibliotecas em Python (Keras, TensorFlow, Librosa), os autores não fornecem links para o código-fonte desenvolvido, não explicitam versões das bibliotecas ou métodos de treino interativos em repositórios abertos. Não há artefatos públicos para a reprodutibilidade dos achados."
ID_41,SER,REP,0,0,,p. 253-261; Sec. III/IV; --; busquei por repositório do código ou modelos públicos e não encontrei.,Grau 0. Os autores detalham que os áudios e artefatos de features não são salvos em nuvem para proteção e também não apontam links para o código dos modelos.,SER,0,0,,"p. 1-12; Sec. III a VII; Notas de rodapé; procurou-se por links para o código-fonte original dos modelos LMEM, do pipeline de extração (PRIORI) ou dos modelos Wav2Vec2/BERT, mas não há disponibilização dos artefatos do estudo.","Grau 0. Embora o estudo forneça links em notas de rodapé para pacotes e APIs de terceiros utilizados no pipeline (webrtcvad e serviços Microsoft Azure) e cite bases públicas (MSP-Podcast), não há nenhum repositório público contendo o código-fonte próprio do estudo, instruções de execução, ambiente ou pesos dos modelos treinados, inviabilizando a reprodução direta."
ID_33,MULTI,REP,0,0,,p. 658-659; Sec. 5; --; busquei por menção a repositório público ou código-fonte e não encontrei.,"Grau 0. O artigo discute implementações em Pytorch, mas não divulga as chaves ou endereços dos repositórios correspondentes.",MULTI,0,0,,"p. 1-4; --; --; procurou-se por link para repositório contendo código-fonte, dados abertos ou parâmetros executáveis, mas nada foi disponibilizado.","Grau 0. O estudo descreve a implementação (Pytorch) de forma geral e cita a base pública Dyadic IMPRESSION, mas não compartilha código-fonte, roteiro computacional de pré-processamento, instruções de execução ou os pesos dos modelos resultantes, falhando no fornecimento de artefatos públicos para a reprodutibilidade."
ID_43,SER,REP,0,0,,p. 683-686; Sec. IV; --; busquei por disponibilização de artefatos ou código-fonte público e não encontrei.,Grau 0. Nenhuma indicação textual apontando para instâncias públicas do modelo Flower/Pytorch desenvolvido no artigo.,SER,0,0,,"Sec. I a V; --; procurou-se por links para o código-fonte, scripts, parâmetros ou pesos do modelo, mas nenhum artefato foi disponibilizado.","Grau 0. Embora o estudo forneça detalhes sobre a metodologia e o framework adotado (Flower), os autores não disponibilizam links para repositórios públicos que contenham o código-fonte, as instruções de execução ou os pesos do modelo final. Não há artefatos públicos para a reprodução direta."
ID_12,FER,ETH,0,0,,p. 121-126; References; --; o texto disponibiliza apenas cabeçalho e referências; busquei por declarações éticas e não encontrei.,"Grau 0. A porção analisada não contém texto metodológico, impossibilitando a identificação de medidas éticas. O NA não foi acionado pois o título indica uso de classificação de expressões faciais humanas.",FER,0,0,,"p. 3; Sec. III. METHODOLOGY; --; procurou-se por avaliação de ética, consentimento, governança ou privacidade, mas nada foi encontrado.","Grau 0. O estudo utiliza imagens de rostos humanos (dados sensíveis e biométricos) obtidas de 'fontes públicas', mas não reporta nenhuma declaração de aprovação ética, consentimento para uso de imagem, privacidade, licenciamento ou diretrizes de uso responsável dos dados."
ID_15,FER,ETH,0,0,,"p. 173; Sec. IV; --; busquei por aprovação ética, consentimento ou privacidade na curadoria das imagens faciais e não encontrei.","Grau 0. Afirma ter curado um dataset diverso de imagens faciais, mas não declara os termos éticos da coleta, licenças ou consentimento dos envolvidos.",FER,0,0,,"Sec. I a VI; --; procurou-se por declaração de ética, governança ou licenciamento sobre o uso de dados de imagens faciais, mas não houve registro.","Grau 0. O artigo utiliza retratos de rostos humanos provenientes da internet (Kaggle e Google Images), dados sensíveis por envolverem biometria. Contudo, não apresenta qualquer revisão ética (IRB), não aborda a licença de uso das imagens raspadas ou diretrizes de privacidade e governança sobre as identidades utilizadas no treinamento."
ID_19,MULTI,ETH,0,0,,"p. 221-225; Sec. III.B/III.D; --; busquei por considerações éticas no uso de webcam em tempo real, consentimento ou licenças das bases e não encontrei.","Grau 0. Propõe a captura em tempo real por webcam além do uso de diversas bases de dados de fala e imagem, falhando em reportar qualquer proteção de privacidade ou termo ético.",MULTI,0,0,,"Sec. I a V; --; procurou-se por declaração de conformidade ética ou uso responsável de biometria, mas nada foi encontrado no texto.","Grau 0. O estudo processa rostos humanos e vozes (dados claramente sensíveis e biométricos), utilizando bases de atores reais. No entanto, o texto não cita aprovação ética por conselho (IRB), não aborda licenciamento original das bases, privacidade ou conformidade no uso responsável das identidades presentes nas mídias."
ID_41,SER,ETH,2,0,,"p. 243-248, 253, 275-279; Sec. III/V.A/XII; --; detalha aprovação do IRB, consentimento, criptografia, deleção de áudio, pseudonimização, minimização de terceiros e avalia ativamente os riscos éticos e de vigilância.","Grau 2. Excelente relatório de governança. Possui base legal (IRB e consentimento assinado), e vai muito além descrevendo criptografia (segurança), descarte imediato (retenção), remoção de vozes de terceiros (minimização), pseudonimização (identificador codificado) e possui uma seção inteira dedicada aos riscos éticos e benefícios.",SER,2,0,,"p. 4, 6-7, 12-13; Sec. III.A/C, V.A/B e XII; --; relato rigoroso com aprovação ética do IRB, consentimento, descarte de dados após processamento, criptografia, pseudonimização e detalhamento de riscos e mitigações.","Grau 2. O estudo descreve de forma operacional e coerente a governança dos dados (áudio contínuo e saúde mental). Possui aprovação explícita do IRB e consentimento dos participantes. Apresenta vários elementos adicionais requisitados pela âncora: retenção e descarte (áudios originais não são retidos, são deletados imediatamente após processamento na nuvem); controle de acesso e segurança (criptografia assimétrica no dispositivo, transmissão segura para servidor seguro aprovado e uso de app em conformidade com HIPAA); pseudonimização (apenas identificador codificado é transmitido para as anotações); e riscos e mitigação (uma seção inteira de 'Ethical Considerations' avaliando danos potenciais, questões de autonomia, vigilância e como mitigá-las)."
ID_33,MULTI,ETH,0,0,,"p. 655-656; Sec. 3; --; busquei por declarações de ética, privacidade ou licença de uso da base IMPRESSION e não encontrei.","Grau 0. Trabalha com interações diádicas providas de áudio, vídeo, monitoramento ocular e fisiológico (sinais do sistema nervoso autônomo), sem contudo declarar licenças, ética de pesquisa ou governança sobre os dados.",MULTI,0,0,,"p. 1-4; --; --; procurou-se por aprovação ética, governança ou discussão de uso de dados biométricos, mas nenhuma informação foi relatada.","Grau 0. Embora o modelo manipule comportamentos não-verbais humanos extraídos de áudio, vídeo facial e sinais de sensores biométricos sensíveis (ECG, EEG), não há nenhuma declaração de aprovação ética (IRB), termo de conformidade, consentimento, governança sobre a licença dos dados no repositório de origem ou considerações sobre o uso responsável no manuscrito."
ID_43,SER,ETH,1,0,,"p. 672, 674, 680; Sec. I/III/IV; --; detalha o uso de Federated Learning como técnica de preservação de privacidade e minimização da transmissão de dados, sem declarar conformidade ética ou de uso do dataset IEMOCAP subjacente.","CONFLITO: O artigo não apresenta consentimento, base legal ou licenças para a base IEMOCAP utilizada como simulador. Contudo, a essência estrutural do paper é propor uma técnica de governança de dados descentralizada (Federated Learning) voltada justamente a garantir o controle de segurança (dados retidos nos dispositivos) e minimização. Por este foco operacional explícito em conformidade de privacidade, recebe Grau 1.",SER,1,0,,"Sec. I. INTRODUCTION; --; o relato foca inteiramente no mecanismo computacional de proteção de privacidade via Federated Learning, mas omite informações éticas sobre a base.","Grau 1. O foco do artigo é justamente prover um mecanismo para minimizar os riscos de vazamento de informações sensíveis (fala) mantendo os dados de treinamento no próprio dispositivo do usuário (Federated Learning) e discutindo conformidade com a General Data Protection Regulation (GDPR). Isso atende aos critérios operacionais de privacidade. Contudo, em relação aos dados humanos efetivamente utilizados na validação empírica (IEMOCAP), o texto falha ao não citar licenciamento, consentimento original ou aprovação ética institucional."
ID_12,FER,VZ,0,1,"O documento avaliado contém apenas referências bibliográficas, não havendo descrição de metodologia, modelo preditivo, ou conjuntos de treino/teste.",--,NA=1. Impossível avaliar prevenção de vazamento na ausência total de protocolo experimental.,FER,0,0,,"p. 3-4; Sec. III. METHODOLOGY; --; procurou-se por regras de separação por sujeito ou controle de vazamento na divisão e aumento de dados, mas o artigo relata apenas a proporção genérica de particionamento (80/20).","Grau 0. O artigo realiza o particionamento do conjunto de imagens (80% treino, 20% validação) e aplica técnicas de aumento de dados (rotação, espelhamento, etc.). Contudo, não descreve nenhuma regra de separação para impedir que o mesmo sujeito apareça em múltiplos conjuntos ou que variações sintéticas geradas a partir da mesma imagem original cruzem as partições."
ID_15,FER,VZ,0,0,,p. 159-160; Sec. III; --; busquei por descrição de separação de dados ou regras de k-fold e não encontrei.,"Grau 0. O artigo descreve as camadas da CNN, mas não especifica como os dados foram particionados e não menciona a prevenção de vazamento entre amostras do mesmo indivíduo.",FER,0,0,,"Sec. IV. EXPERIMENTAL ANALYSIS; --; procurou-se por regras de prevenção de vazamento ou separação por identidade na divisão dos conjuntos, mas não existem salvaguardas reportadas.","Grau 0. A divisão da base de dados e a técnica de data augmentation (cropping, flipping, etc.) são aplicadas sobre as imagens compiladas do Google e Kaggle sem salvaguardas explícitas de identidade. Ao não isolar e bloquear adequadamente os indivíduos entre as fases de treino e teste, o protocolo carece de qualquer regra para a prevenção de vazamento de informações."
ID_19,MULTI,VZ,0,0,,"p. 202; Sec. III.A; --; relata a divisão do dataset em uma proporção de 80:20 para treino e teste, de forma simples.","Grau 0. O particionamento é descrito genericamente como um split 80/20, omitindo técnicas essenciais de prevenção de vazamento (como isolamento de atores do dataset RAVDESS).",MULTI,0,0,,"Sec. III.A e IV.A; --; o artigo apenas menciona divisões genéricas de proporção, sem mencionar regras de controle de identidade na separação.",Grau 0. A divisão descrita (80:20 e 90:10) é aplicada diretamente ao volume do conjunto de dados ('split into an 80:20 ratio'). A base RAVDESS (bem como a CK+) possui múltiplas instâncias produzidas pelo mesmo sujeito (24 atores com muitas gravações). A falta de uma regra explícita de prevenção de vazamento baseada na identidade/participante indica probabilidade altíssima de unidades correlatas e sobreposição indevida entre treino e teste.
ID_41,SER,VZ,2,0,,"p. 253-254; Sec. VII.B; --; adota explicitamente a abordagem 'leave-one-participant-out' (LOPO) para predição, garantindo independência de participantes.",Grau 2. Descreve claramente uma regra verificável de separação. A utilização de 'leave-one-participant-out' assegura ativamente que as amostras de treino e teste não possuam vazamento de informações da mesma identidade (unidades correlatas bloqueadas).,SER,2,0,,p. 9; Sec. VII.B; --; descreve a adoção da estratégia leave-one-participant-out e declara expressamente que participantes não figuram em ambos os conjuntos.,Grau 2. O estudo descreve regras verificáveis de isolamento e controle de vazamento ao adotar o esquema leave-one-participant-out para os modelos LMEM baseados nos sujeitos acompanhados. A evidência de checagem é expressa no próprio texto ao garantir a independência do protocolo: 'The result is a participant-independent analysis (participants are not in both the training and the testing data)'.
ID_33,MULTI,VZ,0,0,,"p. 631; Sec. 5.1; --; indica uso aleatório de 80% dos dados para treino, 10% validação e 10% teste ('randomly used 80%...').","Grau 0. Emprega a simples divisão aleatória ('random split') em dados diádicos de pares, falhando em isolar os participantes inter-conjuntos, o que acarreta grave risco de vazamento relacional.",MULTI,0,0,,"p. 3; Sec. 5.1. Implementation; --; procurou-se por regras de bloqueio de identidade ou prevenção de vazamento na divisão dos dados, mas não existem salvaguardas reportadas.","Grau 0. A divisão da base de dados em treino, validação e teste foi feita de maneira inteiramente aleatória ('We randomly used 80% of the data...'). Dada a natureza temporal da série da base e o fato de os mesmos sujeitos estarem ao longo das anotações, realizar split aleatório sem a exclusão por bloqueio ou identidade de participante caracteriza ausência total de prevenção de vazamento de informação, configurando forte dependência."
ID_43,SER,VZ,2,0,,p. 661-662; Sec. IV; Tab. I; especifica a estratégia Leave-One-Session-Out (LOSO) focando explicitamente no cenário 'speaker independent' para evitar a sobreposição ('overlap') de locutores.,Grau 2. O desenho do experimento impõe e define claramente a exclusão de sessões repetidas com a finalidade primária de evitar sobreposição de vozes/locutores entre o treino e o teste.,SER,2,0,,"Sec. IV. EVALUATION; Tab. I; descreve o uso da estratégia Leave-One-Session-Out (LOSO) explícita para o cenário de Speaker Independent, assegurando a prevenção de vazamento por locutor.","Grau 2. O estudo aplica regras verificáveis de isolamento e controle de vazamento de identidade, garantindo independência ao separar adequadamente os indivíduos entre o treino e teste através do protocolo LOSO nos testes independentes de locutor (Speaker Independent experiments), declarando de maneira explícita o controle de sobreposição de participantes."
ID_12,FER,EXT,0,0,,"p. 114-118; References; --; o arquivo contém apenas referências bibliográficas, não havendo protocolo experimental ou teste entre bases localizável.","Grau 0. Ausência total de metodologia, impedindo a verificação de testes de generalização externa.",FER,0,0,,"p. 3-4; Sec. III. METHODOLOGY; Fig. 2; procurou-se por protocolo entre bases, mas o modelo foi avaliado apenas internamente com particionamento 80/20 da mesma base de dados.","Grau 0. O artigo não realiza testes de generalização externa. A avaliação é feita puramente por particionamento interno (80% treino e 20% validação/teste) do mesmo conjunto de imagens faciais obtido de fontes públicas, sem testar o modelo final em uma base de dados distinta e independente."
ID_15,FER,EXT,0,0,,p. 166-171; Sec. I-III; --; busquei por protocolo de generalização externa entre bases e não encontrei; o texto não relata treino em uma base e teste em outra.,"Grau 0. Foca na proposição teórica das camadas CNN, sem relatar um design experimental onde o modelo seria submetido a uma validação entre domínios distintos de bancos de dados.",FER,0,0,,"Sec. IV e V; --; procurou-se por teste entre bases, mas o modelo foi avaliado exclusivamente num pool de dados combinados, sem isolar uma base externa apenas para o teste.",Grau 0. O estudo não testa o modelo treinado em um corpus distinto de expressões faciais. As fontes de dados (Kaggle e Google) foram unidas em um único banco de dados para treinamento e os testes ocorreram unicamente em parcelas internas dessas próprias fontes reunidas.
ID_19,MULTI,EXT,1,0,,"p. 224, 227-229; Sec. III.B/IV; --; treina o modelo nas bases FER 2013, CK+ e RAVDESS e aplica na webcam em tempo real, mas não reporta avaliação quantitativa com rótulos de destino para predição ao vivo.","Grau 1. Treina os modelos nas bases padrão para áudio/vídeo e os aplica ao vivo via webcam. Contudo, relata apenas as métricas de treino/validação interna das bases de origem, sem apresentar métricas quantitativas de acerto para os dados do ambiente alvo (webcam).",MULTI,0,0,,Sec. III.A; --; bases de dados combinadas e divididas internamente sem teste em corpus cruzado independente.,"Grau 0. Para o modelo de imagem, o texto afirma que o 'CNN model got training using images from the FER 2013 and CK+ datasets. The dataset was split into an 80:20 ratio'. Ou seja, as duas bases foram combinadas antes da divisão interna. Nenhuma base distinta foi isolada por completo unicamente para a fase de testes de generalização externa."
ID_41,SER,EXT,1,0,,"p. 247-248, 251-252, 269; Sec. IV.A/IV.B/VII.B; --; o modelo de emoção é treinado na base MSP-Podcast e aplicado na base real do estudo (sem rótulos de emoção explícitos para o cálculo), não havendo avaliação quantitativa da predição de emoções na base de destino.","Grau 1. O modelo extrator de emoção contínua é treinado no MSP-Podcast e ativado nos dados diários reais capturados pelo app PRIORI. Contudo, não há labels de emoção no mundo real para validar quantitativamente esse classificador acústico neste estudo, sendo os resultados avaliados apenas no âmbito da correlação clínica (humor/doença), o que recai na âncora 1.",SER,1,0,,"p. 5, 10-11; Sec. IV.B e VIII; --; o modelo de emoção treinado em MSP-Podcast é aplicado na base PRIORI sem avaliação quantitativa da emoção, e generalização cross-corpus é discutida citando trabalho anterior.","Grau 1. O artigo treina o modelo acústico de emoção na base pública MSP-Podcast e o aplica para inferência em uma base distinta do mundo real (PRIORI). Contudo, não há avaliação quantitativa do reconhecimento de emoção na base de destino (avalia-se a predição clínica downstream, já que a base não possui ground-truth compatível de emoção). Além disso, a capacidade de generalização externa do modelo de emoções (para IEMOCAP e MSP-Improv) é discutida de forma indireta, apoiando-se em resultados de um trabalho anterior publicado pelos autores."
ID_33,MULTI,EXT,0,0,,p. 640; Sec. 5.1; --; busquei por avaliação de generalização em base externa e não encontrei; o modelo é treinado e testado apenas internamente na base IMPRESSION (80-10-10).,"Grau 0. Falha em estabelecer as métricas submetendo a generalização em base adversa, mantendo seus 10% de dados de teste oriundos do mesmo domínio IMPRESSION original.",MULTI,0,0,,"p. 3; Sec. 5.1; --; avaliado apenas internamente no subconjunto de testes, sem verificação de generalização em outras bases.",Grau 0. O artigo reporta os resultados do modelo sobre a parcela de 10% de testes pertencente unicamente à própria base Dyadic IMPRESSION. Não há desenho experimental que avalie o treinamento em uma base e execução e inferência em outra (ausência de generalização cross-corpus).
ID_43,SER,EXT,0,0,,"p. 664, 669; Sec. IV; Tab. I; busquei por protocolo de teste entre bases e não encontrei; as avaliações são realizadas unicamente na base IEMOCAP por validação cruzada.","Grau 0. Todos os domínios de clientes, sobreposição de locutores e instâncias de treinamento não supervisionado foram validados com recortes do próprio corpus IEMOCAP.",SER,0,0,,"Sec. IV. EVALUATION; --; procurou-se por testes de generalização externa, mas o modelo foi avaliado exclusivamente com divisões internas da base IEMOCAP.","Grau 0. O artigo reporta treinamentos e avaliações restritos à base IEMOCAP. Apesar de aplicar independência por locutor, isso consiste em particionamento interno. O modelo não é avaliado quantitativamente em um corpus externo e distinto para verificar sua generalização entre bases."
ID_12,FER,CST,0,1,"O documento é composto unicamente por referências bibliográficas, logo, trata-se de arquivo sem execução computacional autoral de treino ou inferência.",--,NA=1. Não há implementação no fragmento fornecido; trata-se de listagem referencial.,FER,0,0,,"p. 3; Sec. III. METHODOLOGY; --; procurou-se por tempo de treino, tempo de inferência, uso de memória, hardware ou parâmetros, mas não foram encontrados.","Grau 0. O estudo não reporta qualquer informação quantitativa sobre custo computacional, número de parâmetros ou ambiente de execução. O texto traz apenas afirmações genéricas de que o Max Pooling 'aumenta a eficiência do modelo' e que o uso de escala de cinza evita que a 'carga computacional se torne pesada'. Como a regra proíbe tratar afirmações vagas de eficiência como evidência suficiente sem valores numéricos ou contexto, a pontuação é 0."
ID_15,FER,CST,1,0,,"p. 170, 174; Sec. II/III; --; descreve o ambiente de software (Keras, Python) e a necessidade qualitativa de computação de alta performance, sem hardware específico ou tempos.","Grau 1. Detalha as bibliotecas abertas utilizadas, mas no que tange ao hardware, restringe-se à afirmação descritiva de que as tarefas demandam ""um computador de alta performance"", carecendo de números comprobatórios.",FER,0,0,,"Sec. I e V; --; procurou-se por medições quantitativas de custo, latência, quantidade de parâmetros ou hardware utilizado, mas existem apenas alegações qualitativas.","Grau 0. Os autores afirmam em formato qualitativo que o sistema pode ser aplicado em tempo real e de forma eficiente ('efficiency and real-time applicability'). No entanto, o texto omite integralmente qualquer número de complexidade (FLOPs, tempo de inferência por imagem, quantidade total de parâmetros na CNN) e não reporta o ambiente de hardware no qual os modelos rodaram."
ID_19,MULTI,CST,1,0,,"p. 235, 241; Sec. III.A/IV.A; --; detalha ambiente de software, hiperparâmetros e cita qualitativamente o expressivo tempo e poder de processamento adicional exigidos pelo LSTM, sem hardware específico.","Grau 1. O estudo fornece rica enumeração de suas dependências e tamanhos (batch de 128) e afirma que a técnica LSTM possui alto custo e latência em relação à CNN, porém a avaliação exata deste custo permanece no plano puramente descritivo.",MULTI,1,0,,"Sec. IV.B; --; oferece análise qualitativa de custo referenciando que a CNN é mais simples e rápida, enquanto a LSTM consome mais processamento e tempo.","Grau 1. O artigo possui uma afirmação qualitativa relacionada à eficiência computacional ao contrastar os modelos: descreve que o treinamento da CNN é 'mais rápido e simples' (faster and simpler to train), enquanto o uso da arquitetura LSTM em séries de tempo 'demands significant processing power and additional time'. No entanto, falta o relato de valores estritamente quantitativos (ex: latência exata, tempo em segundos, ou parâmetros da rede) e o hardware de execução."
ID_41,SER,CST,1,0,,"p. 264-266; Sec. IV.B; --; relata parâmetros de otimização da rede contínua e cita qualitativamente a melhoria no tempo total de treinamento via GEM, sem hardware ou tempos quantitativos em minutos/segundos.","Grau 1. Há especificações parciais do ambiente e uma descrição indireta da eficiência em relação a um de seus componentes (redução no total training time evitando retreinar o set todo), insuficientes para o Grau 2 por ausência de marcação temporal quantificável atrelada a servidor/hardware.",SER,0,0,,"p. 3-5; Sec. III e IV.B; --; procurou-se por tempo de treino, inferência, hardware de execução ou contagem de parâmetros, mas nenhum valor quantitativo foi reportado.","Grau 0. O artigo menciona que o processamento ocorre na nuvem ('cloud processing') via um 'secure server' e descreve as dimensões dos vetores de entrada do Wav2Vec2/BERT, além de citar genericamente que o framework GEM adotado ajuda a evitar o retreinamento e 'melhorar o tempo total de treino'. Entretanto, não especifica o hardware utilizado (ex: modelo de GPU/CPU, memória) e não reporta métricas quantitativas de custo, latência, tempo computacional ou número de parâmetros, não cumprindo os requisitos para pontuação."
ID_33,MULTI,CST,1,0,,"p. 634, 639; Sec. 4.2/5.1; --; relata parâmetros essenciais e a linguagem de treinamento e modelagem do framework (PyTorch), mas omite o hardware utilizado e métricas de eficiência logadas na rede.",Grau 1. Restrito à dimensão do ambiente em código.,MULTI,0,0,,"p. 1-4; --; --; procurou-se por tempo de inferência, latência, quantidade de parâmetros da rede ou hardware empregado, mas não foram reportados.","Grau 0. O artigo propõe uma nova arquitetura multifacetada (Cross-Domain Fusion e Listener Adaptation com BLSTM e Self-Attention), porém omite integralmente as métricas de complexidade e custo (número de parâmetros e FLOPs), tempos de inferência e de treinamento, assim como omite a especificação de hardware em que foi implementado."
ID_43,SER,CST,1,0,,"p. 652, 660, 668; Sec. I/III/IV; --; fornece ambiente de software (Flower) e descreve qualitativamente a redução da complexidade e dos parâmetros do modelo com o intuito focado de acelerar o treino, mas sem métricas de comparação exatas numéricas.","Grau 1. Discute as barreiras operacionais impostas pelos dispositivos distribuídos de ponta (energia/computação) e argumenta a viabilidade da técnica pelo baixo impacto estrutural perante abordagens tradicionais, mas não submete essa premissa teórica a um benchmark medido em hardware físico.",SER,1,0,,"Sec. III. METHODOLOGY; --; descreve medidas para acelerar o treino e reduzir a contagem de parâmetros, mas não fornece métricas numéricas nem hardware de avaliação.","Grau 1. O texto provê uma descrição qualitativa clara de escolhas voltadas para a eficiência (por ex., uso de max-pooling e normalização em grupo visando 'accelerating the training process' e 'effectively reducing the number of models parameters', respeitando as restrições de energia dos dispositivos). Entretanto, o grau fica limitado a 1, pois não relata valores quantitativos, como latência e contagem explícita de parâmetros, e omite o hardware utilizado nas simulações."
ID_12,FER,SIN,0,1,"O arquivo consiste apenas em uma lista de referências bibliográficas, impossibilitando a verificação de métodos multimodais, características e modelos no texto.",--,NA=1. Ausência de metodologia preditiva avaliável no trecho recuperado.,FER,0,1,"O estudo é estritamente unimodal, avaliando exclusivamente imagens de expressões faciais para a classificação de emoções, sem o uso de um segundo canal de dados que exija alinhamento ou sincronização.",--,"O pipeline utiliza apenas imagens em escala de cinza redimensionadas para 224x224 pixels processadas por uma arquitetura CNN-SVM. Como não há multimodalidade, o item recebe NA=1."
ID_15,FER,SIN,0,1,"O estudo é estritamente unimodal focado na extração de emoções de matrizes de pixels de imagens visuais (CNN), dispensando a necessidade de sincronização de múltiplos canais.",--,NA=1. Não emprega sensores secundários de áudio ou fisiológicos na sua implementação.,FER,0,1,"O estudo é unimodal, baseado estritamente na análise de imagens bidimensionais estáticas de retratos faciais para reconhecer a emoção, dispensando alinhamento ou uso de modalidades secundárias.",--,"Grau 0, NA=1. Como o pipeline analisa os atributos espaciais de uma única imagem em escala de cinza/RGB, não existe o caráter multimodal nem a necessidade de sincronização de múltiplos sinais fisiológicos ou comportamentais."
ID_19,MULTI,SIN,0,0,,"p. 227, 233; Sec. III.B/IV.C; --; busquei por descrições de como os frames da webcam e trechos do microfone foram sincronizados e não encontrei; apenas relata a fusão matemática das saídas preditivas (Decision-level fusion).","Grau 0. O autor aborda o processamento contínuo da webcam e som, porém omite por completo as métricas de tempo, tamanho das amostras conjuntas, taxas por segundo ou métodos para parear os eventos em áudio ao frame visual correspondente.",MULTI,0,0,,"Sec. III.B e IV.C; Fig. 1; relata a fusão tardia de predições de vídeo, mas sem apresentar as regras temporais para o alinhamento das modalidades.","Grau 0. O estudo atua de forma multimodal pela avaliação simultânea em arquivos de vídeo (imagem e áudio extraídos). A arquitetura indica que ambos são passados para seus modelos e os resultados unidos (decision level fusion). Porém, não informa qualquer regra de correspondência semântica e/ou sincronização temporal indicando como os múltiplos frames visuais esparsos ou curtos se alinham ao segmento global de fala na duração do arquivo de vídeo."
ID_41,SER,SIN,2,0,,"p. 266-268; Sec. V.E/VI; --; descreve alinhamento assíncrono agregando medidas de predição passiva e pesquisas EMA em janelas temporais de 1 dia, impondo a checagem de presença obrigatória e tolerância de 7 dias à entrevista de humor clínico.",Grau 2. Cumpre com os requisitos de estudos assíncronos longitudinais. Demonstra como os achados acústicos do fundo do celular são pareados cronologicamente com enquetes manuais (EMA) em recortes de dias (janela temporal) e define expressamente o critério de tolerância restritiva do matching clínico a 7 dias.,SER,1,0,,"p. 5, 8; Sec. IV.B e V.E; --; descreve alinhamento por agregação temporal no nível do segmento de fala (áudio e texto) e em janela de 7 dias (medidas passivas e autorrelato EMA), mas omite tolerâncias finas.","Grau 1. O estudo opera de forma multimodal e longitudinal. Na predição de emoção, combina características acústicas (Wav2Vec2) e lexicais/texto (BERT), concatenando-as após o pooling no nível do segmento pré-definido. Na modelagem de sintomas, o estudo alinha os escores de emoção passiva e de autorrelato (EMA) aos escores clínicos utilizando uma agregação temporal baseada em uma janela de sete dias (critério de inclusão). Como o estudo fornece os elementos de agregação temporal e tamanho da janela, mas omite tolerâncias do alinhamento intrasegmento ou checagens de consistência temporal, a pontuação é 1."
ID_33,MULTI,SIN,1,0,,"p. 659-660; Sec. 3/4.1; --; indica que as modalidades brutas e fisiológicas foram submetidas a resampling para alinhar à taxa dos rótulos e, sequencialmente, divididas em recortes estáticos baseados na causalidade do locutor de 100 amostras na PWCCA.","Grau 1. Descreve em parte a adaptação da taxa das matrizes de feature via resampling e agregações em segmentos, provendo um enquadramento superficial do tratamento temporal entre os parceiros da conversa, desprovido de considerações ou regras da tolerância no relógio dos sensores (sincronização base).",MULTI,1,0,,"p. 2; Sec. 3 e 4.1; --; descreve alinhamento temporal por meio de reamostragem das features multimodais e agregação por janelas na projeção causal, porém não detalha as tolerâncias.","Grau 1. O estudo adota múltiplas modalidades extraídas tanto dos ouvintes quanto dos falantes. Menciona que realizou uma 'reamostragem' ('resampling') prévia das características não especificadas de áudio, vídeo e physio para igualá-las à taxa do rótulo da anotação de impressões, operando num alinhamento de janelas para o modelo de causalidade (segmentos de índice 100 emparelhados de forma síncrona). No entanto, não esclarece a regra operacional fina das interpolações ou as tolerâncias de imprecisão ao parear dados contínuos aos biossinais descompassados originais."
ID_43,SER,SIN,0,1,"A arquitetura CNN usa restritamente as representações acústicas do tempo/frequência (espectrogramas log-Mel) das falas dos clientes, firmando o estudo no terreno da inferência unimodal sonora.",--,NA=1. A ausência de uso de vetores multimodais in-loco nos clientes federados inibe a avaliação I16.,SER,0,1,"O estudo é estritamente unimodal, focado inteiramente na extração de características acústicas através de características baseadas na fala (log-Mel spectrograms) sem usar outras modalidades sensoriais.",--,"Grau 0, NA=1. O algoritmo extrai atributos limitados ao sinal bruto de áudio processado na dimensão temporal, espectral e de canais (STC) apenas para Reconhecimento de Emoção na Fala (SER). Por não exigir um segundo canal de dados alheio ao áudio, a sincronização não se aplica."
